Workbook

Sheet FC Jul 2026 - Sistema
G1: =SUM(G3:G928) -> 252026570
A2: SKU | B2: Descripcion | C2: Marca | D2: Categoria | E2: Jul_Sistema | F2: Precio_Bruto | G2: Jul_Excel | H2: Diferencia
A3: R3015 | B3: Lámpara Luminoterapia | C3: Acqui | D3: Salud y Bienestar | E3: 0 | F3: 34990 | G3: =F3*E3 -> 0 | H3: =E3-G3 -> 0 | I3: =_xlfn.XLOOKUP(A3,'[1]Forecast 2026'!$A:$A,'[1]Forecast 2026'!$AJ:$AJ,"NA",0,1) -> 0 | J3: =IFERROR(E3-I3,"") -> 0 | K3: =F3*H3 -> 0
A4: R3086 | B4: Calentador de Pies | C4: Acqui | D4: Dormitorio | E4: 512 | F4: 24990 | G4: =F4*E4 -> 12794880 | H4: =E4-G4 -> -12794368 | I4: =_xlfn.XLOOKUP(A4,'[1]Forecast 2026'!$A:$A,'[1]Forecast 2026'!$AJ:$AJ,"NA",0,1) -> 512 | J4: =IFERROR(E4-I4,"") -> 0
A5: R6359 | B5: Calientacamas 1 Plaza 100% Polyester Análogo | C5: Acqui | D5: Dormitorio | E5: 0 | F5: 19990 | G5: =F5*E5 -> 0 | H5: =E5-G5 -> 0 | I5: =_xlfn.XLOOKUP(A5,'[1]Forecast 2026'!$A:$A,'[1]Forecast 2026'!$AJ:$AJ,"NA",0,1) -> 0 | J5: =IFERROR(E5-I5,"") -> 0
A6: R6360 | B6: Calientacamas 2 Plazas 100% Polyester Análogo | C6: Acqui | D6: Dormitorio | E6: 0 | F6: 34990 | G6: =F6*E6 -> 0 | H6: =E6-G6 -> 0 | I6: =_xlfn.XLOOKUP(A6,'[1]Forecast 2026'!$A:$A,'[1]Forecast 2026'!$AJ:$AJ,"NA",0,1) -> 0 | J6: =IFERROR(E6-I6,"") -> 0
A7: R6361 | B7: Calientacamas 1 Plaza 100% Polyester Digital | C7: Acqui | D7: Dormitorio | E7: 0 | F7: 24990 | G7: =F7*E7 -> 0 | H7: =E7-G7 -> 0 | I7: =_xlfn.XLOOKUP(A7,'[1]Forecast 2026'!$A:$A,'[1]Forecast 2026'!$AJ:$AJ,"NA",0,1) -> 0 | J7: =IFERROR(E7-I7,"") -> 0
A8: R6362 | B8: Calientacamas 2 Plazas 100% Polyester Digital | C8: Acqui | D8: Dormitorio | E8: 0 | F8: 42990 | G8: =F8*E8 -> 0 | H8: =E8-G8 -> 0 | I8: =_xlfn.XLOOKUP(A8,'[1]Forecast 2026'!$A:$A,'[1]Forecast 2026'!$AJ:$AJ,"NA",0,1) -> 0 | J8: =IFERROR(E8-I8,"") -> 0
A9: R6363 | B9: Manta Térmica Control Digital 180x30 Acqui | C9: Acqui | D9: Dormitorio | E9: 0 | F9: 44990 | G9: =F9*E9 -> 0 | H9: =E9-G9 -> 0 | I9: =_xlfn.XLOOKUP(A9,'[1]Forecast 2026'!$A:$A,'[1]Forecast 2026'!$AJ:$AJ,"NA",0,1) -> 0 | J9: =IFERROR(E9-I9,"") -> 0
A10: R6365 | B10: Almohadilla Eléctrica Térmica Acqui | C10: Acqui | D10: Dormitorio | E10: 30 | F10: 21990 | G10: =F10*E10 -> 659700 | H10: =E10-G10 -> -659670 | I10: =_xlfn.XLOOKUP(A10,'[1]Forecast 2026'!$A:$A,'[1]Forecast 2026'!$AJ:$AJ,"NA",0,1) -> 30 | J10: =IFERROR(E10-I10,"") -> 0
A11: R6790 | B11: Cojín Ortopédico Asiento Lumbar Antideslizante Color Negro | C11: Acqui | D11: Salud y Bienestar | E11: 12 | F11: 19980 | G11: =F11*E11 -> 239760 | H11: =E11-G11 -> -239748 | I11: =_xlfn.XLOOKUP(A11,'[1]Forecast 2026'!$A:$A,'[1]Forecast 2026'!$AJ:$AJ,"NA",0,1) -> 12 | J11: =IFERROR(E11-I11,"") -> 0
A12: R6792 | B12: Manta con Peso Single 8kg concilieador de sueño | C12: Acqui | D12: Dormitorio | E12: 0 | F12: 54990 | G12: =F12*E12 -> 0 | H12: =E12-G12 -> 0 | I12: =_xlfn.XLOOKUP(A12,'[1]Forecast 2026'!$A:$A,'[1]Forecast 2026'!$AJ:$AJ,"NA",0,1) -> 0 | J12: =IFERROR(E12-I12,"") -> 0
A13: R6793 | B13: Manta con Peso Queen 12kg concilieador de sueño | C13: Acqui | D13: Dormitorio | E13: 0 | F13: 59990 | G13: =F13*E13 -> 0 | H13: =E13-G13 -> 0 | I13: =_xlfn.XLOOKUP(A13,'[1]Forecast 2026'!$A:$A,'[1]Forecast 2026'!$AJ:$AJ,"NA",0,1) -> 0 | J13: =IFERROR(E13-I13,"") -> 0
A14: R6794 | B14: Manta con Peso Queen 15kg concilieador de sueño | C14: Acqui | D14: Dormitorio | E14: 0 | F14: 64990 | G14: =F14*E14 -> 0 | H14: =E14-G14 -> 0 | I14: =_xlfn.XLOOKUP(A14,'[1]Forecast 2026'!$A:$A,'[1]Forecast 2026'!$AJ:$AJ,"NA",0,1) -> 0 | J14: =IFERROR(E14-I14,"") -> 0
A15: R6811 | B15: Pack 2 Almohada Memory Cervical Ortopédica | C15: Acqui | D15: Dormitorio | E15: 15 | F15: 17990 | G15: =F15*E15 -> 269850 | H15: =E15-G15 -> -269835 | I15: =_xlfn.XLOOKUP(A15,'[1]Forecast 2026'!$A:$A,'[1]Forecast 2026'!$AJ:$AJ,"NA",0,1) -> 15 | J15: =IFERROR(E15-I15,"") -> 0
... A928: R6957 | B928: Base de Cama 90x190x30cm 1 plaza NOVA | C928: Vincenzi | D928: Dormitorio | E928: 14 | F928: 89990 | G928: =F928*E928 -> 1259860 | H928: =E928-G928 -> -1259846 | I928: =_xlfn.XLOOKUP(A928,'[1]Forecast 2026'!$A:$A,'[1]Forecast 2026'!$AJ:$AJ,"NA",0,1) -> 14 | J928: =IFERROR(E928-I928,"") -> 0
A929: TOTAL | E929: =SUM(E3:E928) -> 6603 | G929: =SUM(G3:G928) -> 252026570 | H929: =SUM(H3:H928) -> -252019967

Sheet Hoja1
B1: a | C1: Exel | D1: Sistema | E1: S
B2: R3015 | D2: =SUMIF('FC Jul 2026 - Sistema'!A:A,B2,'FC Jul 2026 - Sistema'!E:E) -> 0 | E2: =C2-D2 -> 0
B3: R3086 | C3: 512 | D3: =SUMIF('FC Jul 2026 - Sistema'!A:A,B3,'FC Jul 2026 - Sistema'!E:E) -> 512 | E3: =C3-D3 -> 0
B4: R3357 | D4: =SUMIF('FC Jul 2026 - Sistema'!A:A,B4,'FC Jul 2026 - Sistema'!E:E) -> 0 | E4: =C4-D4 -> 0
B5: R6359 | D5: =SUMIF('FC Jul 2026 - Sistema'!A:A,B5,'FC Jul 2026 - Sistema'!E:E) -> 0 | E5: =C5-D5 -> 0
B6: R6360 | D6: =SUMIF('FC Jul 2026 - Sistema'!A:A,B6,'FC Jul 2026 - Sistema'!E:E) -> 0 | E6: =C6-D6 -> 0
B7: R6361 | D7: =SUMIF('FC Jul 2026 - Sistema'!A:A,B7,'FC Jul 2026 - Sistema'!E:E) -> 0 | E7: =C7-D7 -> 0
B8: R6362 | D8: =SUMIF('FC Jul 2026 - Sistema'!A:A,B8,'FC Jul 2026 - Sistema'!E:E) -> 0 | E8: =C8-D8 -> 0
B9: R6363 | D9: =SUMIF('FC Jul 2026 - Sistema'!A:A,B9,'FC Jul 2026 - Sistema'!E:E) -> 0 | E9: =C9-D9 -> 0
B10: R6365 | C10: 30 | D10: =SUMIF('FC Jul 2026 - Sistema'!A:A,B10,'FC Jul 2026 - Sistema'!E:E) -> 30 | E10: =C10-D10 -> 0
B11: R6790 | C11: 12 | D11: =SUMIF('FC Jul 2026 - Sistema'!A:A,B11,'FC Jul 2026 - Sistema'!E:E) -> 12 | E11: =C11-D11 -> 0
B12: R6792 | D12: =SUMIF('FC Jul 2026 - Sistema'!A:A,B12,'FC Jul 2026 - Sistema'!E:E) -> 0 | E12: =C12-D12 -> 0
B13: R6793 | D13: =SUMIF('FC Jul 2026 - Sistema'!A:A,B13,'FC Jul 2026 - Sistema'!E:E) -> 0 | E13: =C13-D13 -> 0
B14: R6794 | D14: =SUMIF('FC Jul 2026 - Sistema'!A:A,B14,'FC Jul 2026 - Sistema'!E:E) -> 0 | E14: =C14-D14 -> 0
B15: R6809 | D15: =SUMIF('FC Jul 2026 - Sistema'!A:A,B15,'FC Jul 2026 - Sistema'!E:E) -> 0 | E15: =C15-D15 -> 0
B16: R6811 | C16: 15 | D16: =SUMIF('FC Jul 2026 - Sistema'!A:A,B16,'FC Jul 2026 - Sistema'!E:E) -> 15 | E16: =C16-D16 -> 0
B17: R1088 | C17: 3 | D17: =SUMIF('FC Jul 2026 - Sistema'!A:A,B17,'FC Jul 2026 - Sistema'!E:E) -> 3 | E17: =C17-D17 -> 0
B18: R1091 | C18: 9 | D18: =SUMIF('FC Jul 2026 - Sistema'!A:A,B18,'FC Jul 2026 - Sistema'!E:E) -> 9 | E18: =C18-D18 -> 0
B19: R1101 | D19: =SUMIF('FC Jul 2026 - Sistema'!A:A,B19,'FC Jul 2026 - Sistema'!E:E) -> 0 | E19: =C19-D19 -> 0
B20: R1116 | D20: =SUMIF('FC Jul 2026 - Sistema'!A:A,B20,'FC Jul 2026 - Sistema'!E:E) -> 0 | E20: =C20-D20 -> 0
B21: R2745 | C21: 40 | D21: =SUMIF('FC Jul 2026 - Sistema'!A:A,B21,'FC Jul 2026 - Sistema'!E:E) -> 40 | E21: =C21-D21 -> 0
B22: R3259 | D22: =SUMIF('FC Jul 2026 - Sistema'!A:A,B22,'FC Jul 2026 - Sistema'!E:E) -> 0 | E22: =C22-D22 -> 0
B23: R3568 | D23: =SUMIF('FC Jul 2026 - Sistema'!A:A,B23,'FC Jul 2026 - Sistema'!E:E) -> 0 | E23: =C23-D23 -> 0
B24: R4027 | D24: =SUMIF('FC Jul 2026 - Sistema'!A:A,B24,'FC Jul 2026 - Sistema'!E:E) -> 0 | E24: =C24-D24 -> 0
B25: R4028 | D25: =SUMIF('FC Jul 2026 - Sistema'!A:A,B25,'FC Jul 2026 - Sistema'!E:E) -> 0 | E25: =C25-D25 -> 0
B26: R4030 | D26: =SUMIF('FC Jul 2026 - Sistema'!A:A,B26,'FC Jul 2026 - Sistema'!E:E) -> 0 | E26: =C26-D26 -> 0
B27: R4040 | C27: 100 | D27: =SUMIF('FC Jul 2026 - Sistema'!A:A,B27,'FC Jul 2026 - Sistema'!E:E) -> 100 | E27: =C27-D27 -> 0
B28: R4188 | C28: 1 | D28: =SUMIF('FC Jul 2026 - Sistema'!A:A,B28,'FC Jul 2026 - Sistema'!E:E) -> 1 | E28: =C28-D28 -> 0
B29: R4189 | C29: 1 | D29: =SUMIF('FC Jul 2026 - Sistema'!A:A,B29,'FC Jul 2026 - Sistema'!E:E) -> 1 | E29: =C29-D29 -> 0
B30: R4190 | C30: 1 | D30: =SUMIF('FC Jul 2026 - Sistema'!A:A,B30,'FC Jul 2026 - Sistema'!E:E) -> 1 | E30: =C30-D30 -> 0
B31: R4191 | D31: =SUMIF('FC Jul 2026 - Sistema'!A:A,B31,'FC Jul 2026 - Sistema'!E:E) -> 0 | E31: =C31-D31 -> 0
B32: R4192 | C32: 1 | D32: =SUMIF('FC Jul 2026 - Sistema'!A:A,B32,'FC Jul 2026 - Sistema'!E:E) -> 1 | E32: =C32-D32 -> 0
B33: R5290 | C33: 1 | D33: =SUMIF('FC Jul 2026 - Sistema'!A:A,B33,'FC Jul 2026 - Sistema'!E:E) -> 1 | E33: =C33-D33 -> 0
B34: R5742 | D34: =SUMIF('FC Jul 2026 - Sistema'!A:A,B34,'FC Jul 2026 - Sistema'!E:E) -> 0 | E34: =C34-D34 -> 0
B35: R5794 | D35: =SUMIF('FC Jul 2026 - Sistema'!A:A,B35,'FC Jul 2026 - Sistema'!E:E) -> 0 | E35: =C35-D35 -> 0
B36: R5821 | D36: =SUMIF('FC Jul 2026 - Sistema'!A:A,B36,'FC Jul 2026 - Sistema'!E:E) -> 0 | E36: =C36-D36 -> 0
B37: R6023 | C37: 66 | D37: =SUMIF('FC Jul 2026 - Sistema'!A:A,B37,'FC Jul 2026 - Sistema'!E:E) -> 66 | E37: =C37-D37 -> 0
B38: R6391 | D38: =SUMIF('FC Jul 2026 - Sistema'!A:A,B38,'FC Jul 2026 - Sistema'!E:E) -> 0 | E38: =C38-D38 -> 0
B39: R6471 | D39: =SUMIF('FC Jul 2026 - Sistema'!A:A,B39,'FC Jul 2026 - Sistema'!E:E) -> 0 | E39: =C39-D39 -> 0
B40: R6564 | D40: =SUMIF('FC Jul 2026 - Sistema'!A:A,B40,'FC Jul 2026 - Sistema'!E:E) -> 0 | E40: =C40-D40 -> 0
B41: R6598 | D41: =SUMIF('FC Jul 2026 - Sistema'!A:A,B41,'FC Jul 2026 - Sistema'!E:E) -> 0 | E41: =C41-D41 -> 0
B42: R6599 | D42: =SUMIF('FC Jul 2026 - Sistema'!A:A,B42,'FC Jul 2026 - Sistema'!E:E) -> 0 | E42: =C42-D42 -> 0
B43: R6601 | D43: =SUMIF('FC Jul 2026 - Sistema'!A:A,B43,'FC Jul 2026 - Sistema'!E:E) -> 0 | E43: =C43-D43 -> 0
B44: R6602 | D44: =SUMIF('FC Jul 2026 - Sistema'!A:A,B44,'FC Jul 2026 - Sistema'!E:E) -> 0 | E44: =C44-D44 -> 0
B45: R6603 | D45: =SUMIF('FC Jul 2026 - Sistema'!A:A,B45,'FC Jul 2026 - Sistema'!E:E) -> 0 | E45: =C45-D45 -> 0
B46: R6604 | C46: 220 | D46: =SUMIF('FC Jul 2026 - Sistema'!A:A,B46,'FC Jul 2026 - Sistema'!E:E) -> 220 | E46: =C46-D46 -> 0
B47: R6679 | D47: =SUMIF('FC Jul 2026 - Sistema'!A:A,B47,'FC Jul 2026 - Sistema'!E:E) -> 0 | E47: =C47-D47 -> 0
B48: R6726 | C48: 1 | D48: =SUMIF('FC Jul 2026 - Sistema'!A:A,B48,'FC Jul 2026 - Sistema'!E:E) -> 0 | E48: =C48-D48 -> 1
B49: R6728 | C49: 32 | D49: =SUMIF('FC Jul 2026 - Sistema'!A:A,B49,'FC Jul 2026 - Sistema'!E:E) -> 32 | E49: =C49-D49 -> 0
B50: R6729 | C50: 60 | D50: =SUMIF('FC Jul 2026 - Sistema'!A:A,B50,'FC Jul 2026 - Sistema'!E:E) -> 60 | E50: =C50-D50 -> 0
B51: R6732 | D51: =SUMIF('FC Jul 2026 - Sistema'!A:A,B51,'FC Jul 2026 - Sistema'!E:E) -> 0 | E51: =C51-D51 -> 0
B52: R6765 | D52: =SUMIF('FC Jul 2026 - Sistema'!A:A,B52,'FC Jul 2026 - Sistema'!E:E) -> 0 | E52: =C52-D52 -> 0
B53: R6798 | C53: 46 | D53: =SUMIF('FC Jul 2026 - Sistema'!A:A,B53,'FC Jul 2026 - Sistema'!E:E) -> 46 | E53: =C53-D53 -> 0
B54: R6813 | D54: =SUMIF('FC Jul 2026 - Sistema'!A:A,B54,'FC Jul 2026 - Sistema'!E:E) -> 0 | E54: =C54-D54 -> 0
B55: R6826 | D55: =SUMIF('FC Jul 2026 - Sistema'!A:A,B55,'FC Jul 2026 - Sistema'!E:E) -> 0 | E55: =C55-D55 -> 0
B56: R6827 | D56: =SUMIF('FC Jul 2026 - Sistema'!A:A,B56,'FC Jul 2026 - Sistema'!E:E) -> 0 | E56: =C56-D56 -> 0
B57: R6828 | D57: =SUMIF('FC Jul 2026 - Sistema'!A:A,B57,'FC Jul 2026 - Sistema'!E:E) -> 0 | E57: =C57-D57 -> 0
B58: R6829 | D58: =SUMIF('FC Jul 2026 - Sistema'!A:A,B58,'FC Jul 2026 - Sistema'!E:E) -> 0 | E58: =C58-D58 -> 0
B59: R6874 | D59: =SUMIF('FC Jul 2026 - Sistema'!A:A,B59,'FC Jul 2026 - Sistema'!E:E) -> 0 | E59: =C59-D59 -> 0
B60: R6947 | D60: =SUMIF('FC Jul 2026 - Sistema'!A:A,B60,'FC Jul 2026 - Sistema'!E:E) -> 0 | E60: =C60-D60 -> 0
B61: R6978 | D61: =SUMIF('FC Jul 2026 - Sistema'!A:A,B61,'FC Jul 2026 - Sistema'!E:E) -> 0 | E61: =C61-D61 -> 0
B62: R6979 | D62: =SUMIF('FC Jul 2026 - Sistema'!A:A,B62,'FC Jul 2026 - Sistema'!E:E) -> 0 | E62: =C62-D62 -> 0
B63: R6980 | C63: 90 | D63: =SUMIF('FC Jul 2026 - Sistema'!A:A,B63,'FC Jul 2026 - Sistema'!E:E) -> 90 | E63: =C63-D63 -> 0
B64: R6981 | C64: 100 | D64: =SUMIF('FC Jul 2026 - Sistema'!A:A,B64,'FC Jul 2026 - Sistema'!E:E) -> 100 | E64: =C64-D64 -> 0
B65: R6982 | C65: 100 | D65: =SUMIF('FC Jul 2026 - Sistema'!A:A,B65,'FC Jul 2026 - Sistema'!E:E) -> 100 | E65: =C65-D65 -> 0
B66: R6983 | C66: 80 | D66: =SUMIF('FC Jul 2026 - Sistema'!A:A,B66,'FC Jul 2026 - Sistema'!E:E) -> 80 | E66: =C66-D66 -> 0
B67: R6984 | D67: =SUMIF('FC Jul 2026 - Sistema'!A:A,B67,'FC Jul 2026 - Sistema'!E:E) -> 0 | E67: =C67-D67 -> 0
B68: R6985 | C68: 41 | D68: =SUMIF('FC Jul 2026 - Sistema'!A:A,B68,'FC Jul 2026 - Sistema'!E:E) -> 41 | E68: =C68-D68 -> 0
B69: R6986 | C69: 33 | D69: =SUMIF('FC Jul 2026 - Sistema'!A:A,B69,'FC Jul 2026 - Sistema'!E:E) -> 33 | E69: =C69-D69 -> 0
B70: R2829 | D70: =SUMIF('FC Jul 2026 - Sistema'!A:A,B70,'FC Jul 2026 - Sistema'!E:E) -> 0 | E70: =C70-D70 -> 0
B71: R2960 | D71: =SUMIF('FC Jul 2026 - Sistema'!A:A,B71,'FC Jul 2026 - Sistema'!E:E) -> 0 | E71: =C71-D71 -> 0
B72: R2982 | D72: =SUMIF('FC Jul 2026 - Sistema'!A:A,B72,'FC Jul 2026 - Sistema'!E:E) -> 0 | E72: =C72-D72 -> 0
B73: R2997 | C73: 2 | D73: =SUMIF('FC Jul 2026 - Sistema'!A:A,B73,'FC Jul 2026 - Sistema'!E:E) -> 2 | E73: =C73-D73 -> 0
B74: R2998 | D74: =SUMIF('FC Jul 2026 - Sistema'!A:A,B74,'FC Jul 2026 - Sistema'!E:E) -> 0 | E74: =C74-D74 -> 0
B75: R2999 | D75: =SUMIF('FC Jul 2026 - Sistema'!A:A,B75,'FC Jul 2026 - Sistema'!E:E) -> 0 | E75: =C75-D75 -> 0
B76: R3000 | D76: =SUMIF('FC Jul 2026 - Sistema'!A:A,B76,'FC Jul 2026 - Sistema'!E:E) -> 0 | E76: =C76-D76 -> 0
B77: R3024 | D77: =SUMIF('FC Jul 2026 - Sistema'!A:A,B77,'FC Jul 2026 - Sistema'!E:E) -> 0 | E77: =C77-D77 -> 0
B78: R3025 | C78: 16 | D78: =SUMIF('FC Jul 2026 - Sistema'!A:A,B78,'FC Jul 2026 - Sistema'!E:E) -> 16 | E78: =C78-D78 -> 0
B79: R3056 | D79: =SUMIF('FC Jul 2026 - Sistema'!A:A,B79,'FC Jul 2026 - Sistema'!E:E) -> 0 | E79: =C79-D79 -> 0
B80: R3057 | D80: =SUMIF('FC Jul 2026 - Sistema'!A:A,B80,'FC Jul 2026 - Sistema'!E:E) -> 0 | E80: =C80-D80 -> 0
B81: R3058 | D81: =SUMIF('FC Jul 2026 - Sistema'!A:A,B81,'FC Jul 2026 - Sistema'!E:E) -> 0 | E81: =C81-D81 -> 0
B82: R3059 | D82: =SUMIF('FC Jul 2026 - Sistema'!A:A,B82,'FC Jul 2026 - Sistema'!E:E) -> 0 | E82: =C82-D82 -> 0
B83: R3060 | D83: =SUMIF('FC Jul 2026 - Sistema'!A:A,B83,'FC Jul 2026 - Sistema'!E:E) -> 0 | E83: =C83-D83 -> 0
B84: R3328 | D84: =SUMIF('FC Jul 2026 - Sistema'!A:A,B84,'FC Jul 2026 - Sistema'!E:E) -> 0 | E84: =C84-D84 -> 0
B85: R3329 | C85: 17 | D85: =SUMIF('FC Jul 2026 - Sistema'!A:A,B85,'FC Jul 2026 - Sistema'!E:E) -> 17 | E85: =C85-D85 -> 0
B86: R3330 | D86: =SUMIF('FC Jul 2026 - Sistema'!A:A,B86,'FC Jul 2026 - Sistema'!E:E) -> 0 | E86: =C86-D86 -> 0
B87: R3331 | D87: =SUMIF('FC Jul 2026 - Sistema'!A:A,B87,'FC Jul 2026 - Sistema'!E:E) -> 0 | E87: =C87-D87 -> 0
B88: R3332 | C88: 4 | D88: =SUMIF('FC Jul 2026 - Sistema'!A:A,B88,'FC Jul 2026 - Sistema'!E:E) -> 4 | E88: =C88-D88 -> 0
B89: R4289 | D89: =SUMIF('FC Jul 2026 - Sistema'!A:A,B89,'FC Jul 2026 - Sistema'!E:E) -> 0 | E89: =C89-D89 -> 0
B90: R4290 | D90: =SUMIF('FC Jul 2026 - Sistema'!A:A,B90,'FC Jul 2026 - Sistema'!E:E) -> 0 | E90: =C90-D90 -> 0
B91: R5909 | D91: =SUMIF('FC Jul 2026 - Sistema'!A:A,B91,'FC Jul 2026 - Sistema'!E:E) -> 0 | E91: =C91-D91 -> 0
B92: R5943 | C92: 95 | D92: =SUMIF('FC Jul 2026 - Sistema'!A:A,B92,'FC Jul 2026 - Sistema'!E:E) -> 95 | E92: =C92-D92 -> 0
B93: R5948 | D93: =SUMIF('FC Jul 2026 - Sistema'!A:A,B93,'FC Jul 2026 - Sistema'!E:E) -> 0 | E93: =C93-D93 -> 0
B94: R5972 | D94: =SUMIF('FC Jul 2026 - Sistema'!A:A,B94,'FC Jul 2026 - Sistema'!E:E) -> 0 | E94: =C94-D94 -> 0
B95: R5973 | D95: =SUMIF('FC Jul 2026 - Sistema'!A:A,B95,'FC Jul 2026 - Sistema'!E:E) -> 0 | E95: =C95-D95 -> 0
B96: R5974 | D96: =SUMIF('FC Jul 2026 - Sistema'!A:A,B96,'FC Jul 2026 - Sistema'!E:E) -> 0 | E96: =C96-D96 -> 0
B97: R5975 | D97: =SUMIF('FC Jul 2026 - Sistema'!A:A,B97,'FC Jul 2026 - Sistema'!E:E) -> 0 | E97: =C97-D97 -> 0
B98: R5984 | D98: =SUMIF('FC Jul 2026 - Sistema'!A:A,B98,'FC Jul 2026 - Sistema'!E:E) -> 0 | E98: =C98-D98 -> 0
B99: R5985 | D99: =SUMIF('FC Jul 2026 - Sistema'!A:A,B99,'FC Jul 2026 - Sistema'!E:E) -> 0 | E99: =C99-D99 -> 0
B100: R5986 | D100: =SUMIF('FC Jul 2026 - Sistema'!A:A,B100,'FC Jul 2026 - Sistema'!E:E) -> 0 | E100: =C100-D100 -> 0
...
